player_id,player_name,team_id,team_name,matches_played,total_events,passes,shots,goals,total_xg,events_under_pressure,xg_difference,_created_at
68574,Nicholas Williams Arthuer,772,Spain,4,308,62,0,0,0.0,100,0.0,2026-07-17 15:52:20.135162
16489,Nemanja Gudelj,786,Serbia,2,171,55,0,0,0.0,21,0.0,2026-07-17 15:52:20.135162
33477,Riley McGree,792,Australia,4,361,73,3,0,0.08,69,-0.08,2026-07-17 15:52:20.135162
7472,Nicolas Alexis Julio N'Koulou Ndoubena,2722,Cameroon,2,310,93,3,0,0.382,31,-0.382,2026-07-17 15:52:20.135162
3512,Marko Grujić,786,Serbia,1,57,17,1,0,0.027,7,-0.027,2026-07-17 15:52:20.135162
5713,Mohammed Kanoo,799,Saudi Arabia,3,519,145,6,0,0.319,106,-0.319,2026-07-17 15:52:20.135162
15452,Carlos Uriel Antuna Romero,794,Mexico,3,94,18,2,0,0.309,23,-0.309,2026-07-17 15:52:20.135162
3532,Jordan Brian Henderson,768,England,4,538,166,2,1,0.149,67,0.851,2026-07-17 15:52:20.135162
4354,Phil Foden,768,England,2,214,57,5,1,1.229,31,-0.229,2026-07-17 15:52:20.135162
5214,William Silva de Carvalho,780,Portugal,4,526,165,1,0,0.049,59,-0.049,2026-07-17 15:52:20.135162
5665,Arkadiusz Milik,789,Poland,3,143,33,1,0,0.135,35,-0.135,2026-07-17 15:52:20.135162
17043,Victor Nelsson,776,Denmark,1,204,72,0,0,0.0,15,0.0,2026-07-17 15:52:20.135162
6704,Theo Bernard François Hernández,771,France,6,1040,332,5,1,0.259,151,0.741,2026-07-17 15:52:20.135162
37737,Angelo Smit Preciado Quiñónez,3565,Ecuador,3,418,129,4,0,0.071,66,-0.071,2026-07-17 15:52:20.135162
31684,Atiba Hutchinson,1833,Canada,3,346,112,2,0,0.133,68,-0.133,2026-07-17 15:52:20.135162
7104,Mathías Olivera Miramontes,783,Uruguay,3,438,133,2,0,0.081,77,-0.081,2026-07-17 15:52:20.135162
5259,José María Giménez de Vargas,783,Uruguay,3,502,167,3,0,0.129,43,-0.129,2026-07-17 15:52:20.135162
7843,Mason Mount,768,England,4,331,74,4,0,0.182,67,-0.182,2026-07-17 15:52:20.135162
5230,Ehsan Hajsafi,797,Iran,3,317,99,1,0,0.068,60,-0.068,2026-07-17 15:52:20.135162
3488,Wayne Hennessey,907,Wales,2,182,66,0,0,0.0,12,0.0,2026-07-17 15:52:20.135162
4685,Artur Jędrzejczyk,789,Poland,1,12,5,0,0,0.0,0,0.0,2026-07-17 15:52:20.135162
22371,Bailey Wright,792,Australia,1,14,4,0,0,0.0,6,0.0,2026-07-17 15:52:20.135162
8859,Ajdin Hrustic,792,Australia,3,133,23,1,0,0.033,43,-0.033,2026-07-17 15:52:20.135162
3441,Nikola Vlašić,785,Croatia,6,302,55,5,0,0.629,89,-0.629,2026-07-17 15:52:20.135162
22041,Marko Livaja,785,Croatia,6,339,57,6,1,0.99,81,0.01,2026-07-17 15:52:20.135162
11493,Gleison Bremer Silva Nascimento,781,Brazil,2,254,85,1,0,0.344,17,-0.344,2026-07-17 15:52:20.135162
4324,Daniel Alves da Silva,781,Brazil,2,292,99,3,0,0.12,50,-0.12,2026-07-17 15:52:20.135162
5563,José Andrés Guardado Hernández,794,Mexico,1,59,16,0,0,0.0,12,0.0,2026-07-17 15:52:20.135162
5597,Keylor Navas Gamboa,795,Costa Rica,3,263,101,0,0,0.0,28,0.0,2026-07-17 15:52:20.135162
30519,Mohamed Salisu,4885,Ghana,3,456,149,2,1,0.428,80,0.572,2026-07-17 15:52:20.135162
16527,Mislav Oršić,785,Croatia,6,247,55,9,1,0.276,38,0.724,2026-07-17 15:52:20.135162
13621,Danilo Luís Hélio Pereira,780,Portugal,1,243,80,0,0,0.0,32,0.0,2026-07-17 15:52:20.135162
33602,Tariq Lamptey,4885,Ghana,2,133,33,1,0,0.075,28,-0.075,2026-07-17 15:52:20.135162
121539,Haitham Mohammed Asiri,799,Saudi Arabia,1,19,2,0,0,0.0,7,0.0,2026-07-17 15:52:20.135162
4354,Philip Foden,768,England,2,237,61,1,0,0.023,81,-0.023,2026-07-17 15:52:20.135162
5986,Chul Hong,791,South Korea,1,71,20,0,0,0.0,3,0.0,2026-07-17 15:52:20.135162
6720,Pablo Sarabia García,772,Spain,1,13,5,1,0,0.104,0,-0.104,2026-07-17 15:52:20.135162
16352,Issam Jebali,777,Tunisia,3,279,37,3,0,0.593,83,-0.593,2026-07-17 15:52:20.135162
16532,Daniel Olmo Carvajal,772,Spain,4,799,196,12,1,1.084,208,-0.084,2026-07-17 15:52:20.135162
5549,Manuel Obafemi Akanji,773,Switzerland,4,750,255,4,1,0.883,74,0.117,2026-07-17 15:52:20.135162
24547,Alexander Hartmann Bah,776,Denmark,2,165,50,2,0,0.056,33,-0.056,2026-07-17 15:52:20.135162
5539,Carlos Henrique Casimiro,781,Brazil,4,802,258,9,1,0.36,130,0.64,2026-07-17 15:52:20.135162
3280,Richarlison de Andrade,781,Brazil,4,377,54,8,3,1.618,120,1.382,2026-07-17 15:52:20.135162
3141,André-Frank Zambo Anguissa,2722,Cameroon,3,480,134,1,0,0.046,96,-0.046,2026-07-17 15:52:20.135162
4935,Bryan Mbeumo,2722,Cameroon,3,324,81,2,0,0.134,91,-0.134,2026-07-17 15:52:20.135162
46903,Christian Mougang Bassogog,2722,Cameroon,1,48,9,0,0,0.0,20,0.0,2026-07-17 15:52:20.135162
5188,Hattan Babhir,799,Saudi Arabia,2,21,5,0,0,0.0,1,0.0,2026-07-17 15:52:20.135162
4272,João Mário Naval da Costa Eduardo,780,Portugal,2,155,40,0,0,0.0,26,0.0,2026-07-17 15:52:20.135162
5620,Hee-Chan Hwang,791,South Korea,2,288,57,6,1,0.568,57,0.432,2026-07-17 15:52:20.135162
8400,Serge Gnabry,770,Germany,3,454,113,12,1,0.728,85,0.272,2026-07-17 15:52:20.135162
10287,İlkay Gündoğan,770,Germany,3,516,163,6,1,1.129,71,-0.129,2026-07-17 15:52:20.135162
19597,Marcos Javier Acuña,779,Argentina,6,736,217,2,0,0.076,132,-0.076,2026-07-17 15:52:20.135162
3604,Olivier Giroud,771,France,6,380,75,17,4,3.036,95,0.964,2026-07-17 15:52:20.135162
3009,Kylian Mbappé Lottin,771,France,7,1110,233,31,8,4.233,282,3.767,2026-07-17 15:52:20.135162
11135,Ibrahima Konaté,771,France,5,717,228,2,0,0.176,65,-0.176,2026-07-17 15:52:20.135162
2941,Ismaïla Sarr,787,Senegal,4,486,81,10,1,1.849,157,-0.849,2026-07-17 15:52:20.135162
3404,Youssouf Sabaly,787,Senegal,4,716,222,2,0,0.018,120,-0.018,2026-07-17 15:52:20.135162
44703,Alistair Johnston,1833,Canada,3,538,187,2,0,0.672,73,-0.672,2026-07-17 15:52:20.135162
36710,Sergio Rochet Álvarez,783,Uruguay,3,204,76,0,0,0.0,11,0.0,2026-07-17 15:52:20.135162
124167,Ahmad Nourollahi,797,Iran,3,249,55,5,0,0.08,47,-0.08,2026-07-17 15:52:20.135162
3669,Virgil van Dijk,941,Netherlands,5,989,343,3,0,0.194,87,-0.194,2026-07-17 15:52:20.135162
102816,Mohamed Ali Ben Romdhane,777,Tunisia,1,107,19,0,0,0.0,35,0.0,2026-07-17 15:52:20.135162
34476,Matías Nicolás Viña Susperreguy,783,Uruguay,2,60,20,0,0,0.0,11,0.0,2026-07-17 15:52:20.135162
8804,Jonas Hofmann,770,Germany,2,73,20,1,0,0.327,21,-0.327,2026-07-17 15:52:20.135162
15970,Pape Abou Cissé,787,Senegal,3,129,38,0,0,0.0,14,0.0,2026-07-17 15:52:20.135162
5456,Mateo Kovačić,785,Croatia,7,1582,456,3,0,0.345,300,-0.345,2026-07-17 15:52:20.135162
23789,Jordan Morris,1839,United States,2,14,4,0,0,0.0,3,0.0,2026-07-17 15:52:20.135162
8227,Mario Götze,770,Germany,2,75,16,1,0,0.067,17,-0.067,2026-07-17 15:52:20.135162
28263,Gonzalo Ariel Montiel,779,Argentina,4,274,82,1,0,0.021,30,-0.021,2026-07-17 15:52:20.135162
132296,Anthony Daniel Contreras Enríquez,795,Costa Rica,3,149,25,0,0,0.0,65,0.0,2026-07-17 15:52:20.135162
3450,Jordan Ayew,4885,Ghana,3,233,44,1,0,0.071,57,-0.071,2026-07-17 15:52:20.135162
12325,Abdul Rahman Baba,4885,Ghana,3,335,103,0,0,0.0,59,0.0,2026-07-17 15:52:20.135162
9286,Antoine Semenyo,4885,Ghana,2,43,3,1,0,0.12,11,-0.12,2026-07-17 15:52:20.135162
124500,Assim Omer Al Haj Madibo,3566,Qatar,2,264,71,0,0,0.0,56,0.0,2026-07-17 15:52:20.135162
124490,Ahmed Alaa Eldin Abdelmotaal,3566,Qatar,1,8,2,0,0,0.0,1,0.0,2026-07-17 15:52:20.135162
13314,Famara Diedhiou,787,Senegal,2,121,14,3,1,0.238,35,0.762,2026-07-17 15:52:20.135162
21081,Juan Marcos Foyth,779,Argentina,1,15,4,0,0,0.0,3,0.0,2026-07-17 15:52:20.135162
27719,Strahinja Pavlović,786,Serbia,3,503,152,2,1,0.178,79,0.822,2026-07-17 15:52:20.135162
6945,Alex Sandro Lobo Silva,781,Brazil,3,499,169,1,0,0.022,55,-0.022,2026-07-17 15:52:20.135162
18737,Srđan Babić,786,Serbia,1,48,15,0,0,0.0,6,0.0,2026-07-17 15:52:20.135162
51094,Abdulelah Al Amri,799,Saudi Arabia,3,310,101,1,0,0.038,46,-0.038,2026-07-17 15:52:20.135162
4767,Chris Mepham,907,Wales,3,509,170,0,0,0.0,56,0.0,2026-07-17 15:52:20.135162
4774,Connor Roberts,907,Wales,3,357,119,0,0,0.0,48,0.0,2026-07-17 15:52:20.135162
40538,Jin-Su Kim,791,South Korea,4,434,141,3,0,0.285,74,-0.285,2026-07-17 15:52:20.135162
143854,António João Pereira Albuquerque Tavares Silva,780,Portugal,1,173,58,0,0,0.0,15,0.0,2026-07-17 15:52:20.135162
5562,Thomas Müller,770,Germany,3,303,72,3,0,0.27,52,-0.27,2026-07-17 15:52:20.135162
38718,Enzo Fernandez,779,Argentina,7,1541,470,8,1,0.267,183,0.733,2026-07-17 15:52:20.135162
5487,Antoine Griezmann,771,France,7,1089,323,6,0,0.496,172,-0.496,2026-07-17 15:52:20.135162
3026,Adrien Rabiot,771,France,6,988,285,9,1,0.728,155,0.272,2026-07-17 15:52:20.135162
8519,Dayotchanculle Upamecano,771,France,5,1070,345,0,0,0.0,109,0.0,2026-07-17 15:52:20.135162
10481,Aurélien Djani Tchouaméni,771,France,7,1463,470,6,1,0.399,178,0.601,2026-07-17 15:52:20.135162
38004,Piero Martín Hincapié Reyna,3565,Ecuador,3,599,199,0,0,0.0,42,0.0,2026-07-17 15:52:20.135162
21026,Pape Gueye,787,Senegal,3,218,61,4,0,0.094,63,-0.094,2026-07-17 15:52:20.135162
3077,Jan Vertonghen,782,Belgium,3,773,264,2,0,0.108,59,-0.108,2026-07-17 15:52:20.135162
3621,Eden Hazard,782,Belgium,3,243,59,1,0,0.009,100,-0.009,2026-07-17 15:52:20.135162
13620,Éder Gabriel Militão,781,Brazil,4,847,277,5,0,0.259,87,-0.259,2026-07-17 15:52:20.135162
12041,João Félix Sequeira,780,Portugal,4,517,122,11,1,0.669,105,0.331,2026-07-17 15:52:20.135162
5260,Rodrigo Bentancur Colmán,783,Uruguay,3,525,158,3,0,0.621,91,-0.621,2026-07-17 15:52:20.135162
5209,Raphaël Adelino José Guerreiro,780,Portugal,4,526,191,3,1,0.4,60,0.6,2026-07-17 15:52:20.135162
125818,Ali Karimi,797,Iran,3,169,45,0,0,0.0,25,0.0,2026-07-17 15:52:20.135162
5226,Mehdi Taremi,797,Iran,3,417,82,6,2,1.378,127,0.622,2026-07-17 15:52:20.135162
5239,Alireza Jahanbakhsh,797,Iran,2,93,16,3,0,0.155,22,-0.155,2026-07-17 15:52:20.135162
124175,Mohammad Hossein Kanani Zadegan,797,Iran,2,40,11,0,0,0.0,7,0.0,2026-07-17 15:52:20.135162
6399,Gareth Frank Bale,907,Wales,3,245,55,2,1,0.805,76,0.195,2026-07-17 15:52:20.135162
7891,Teun Koopmeiners,941,Netherlands,5,443,120,2,0,0.09,82,-0.09,2026-07-17 15:52:20.135162
7153,Jordan Veretout,771,France,1,118,35,0,0,0.0,23,0.0,2026-07-17 15:52:20.135162
7829,Wout Weghorst,941,Netherlands,4,99,16,2,2,0.267,26,1.733,2026-07-17 15:52:20.135162
3471,Dejan Lovren,785,Croatia,6,1331,454,4,0,0.382,119,-0.382,2026-07-17 15:52:20.135162
16531,Dominik Livaković,785,Croatia,7,603,228,0,0,0.0,47,0.0,2026-07-17 15:52:20.135162
9430,Jason Cummings,792,Australia,1,34,6,0,0,0.0,3,0.0,2026-07-17 15:52:20.135162
25154,Éverton Augusto de Barros Ribeiro,781,Brazil,1,66,17,0,0,0.0,10,0.0,2026-07-17 15:52:20.135162
5630,Dries Mertens,782,Belgium,2,124,36,3,0,0.367,28,-0.367,2026-07-17 15:52:20.135162
40784,Akram Hassan Afif,3566,Qatar,3,574,166,2,0,0.029,133,-0.029,2026-07-17 15:52:20.135162
124495,Almoez Ali Zainalabiddin Abdulla,3566,Qatar,3,278,46,3,0,0.484,66,-0.484,2026-07-17 15:52:20.135162
124493,Boualem Khoukhi,3566,Qatar,3,585,194,0,0,0.0,81,0.0,2026-07-17 15:52:20.135162
124909,Mohammed Waed Abdulwahhab Al Bayati,3566,Qatar,2,53,12,0,0,0.0,13,0.0,2026-07-17 15:52:20.135162
5836,Bryan Oviedo,795,Costa Rica,3,294,89,0,0,0.0,56,0.0,2026-07-17 15:52:20.135162
6583,Carlos Soler Barragán,772,Spain,2,258,84,4,1,0.488,23,0.512,2026-07-17 15:52:20.135162
3709,Daniel Amartey,4885,Ghana,3,447,140,0,0,0.0,59,0.0,2026-07-17 15:52:20.135162
36666,Agustín Canobbio Graviz,783,Uruguay,1,32,7,0,0,0.0,8,0.0,2026-07-17 15:52:20.135162
2989,Alexander Djiku,4885,Ghana,2,94,27,0,0,0.0,17,0.0,2026-07-17 15:52:20.135162
5183,Yasir Gharsan Al Shahrani,799,Saudi Arabia,1,96,26,0,0,0.0,15,0.0,2026-07-17 15:52:20.135162
22433,Jesus Ferreira,1839,United States,1,73,20,0,0,0.0,11,0.0,2026-07-17 15:52:20.135162
6840,Marcos Llorente Moreno,772,Spain,1,305,104,1,0,0.025,42,-0.025,2026-07-17 15:52:20.135162
5651,Yassine Meriah,777,Tunisia,3,538,168,1,0,0.046,70,-0.046,2026-07-17 15:52:20.135162
5690,Yuto Nagatomo,778,Japan,4,332,108,0,0,0.0,58,0.0,2026-07-17 15:52:20.135162
5479,Aziz Eraltay Behich,792,Australia,4,619,204,2,0,0.127,99,-0.127,2026-07-17 15:52:20.135162
16294,Robert Skov,776,Denmark,1,70,21,0,0,0.0,6,0.0,2026-07-17 15:52:20.135162
5547,Alisson Ramsés Becker,781,Brazil,4,248,94,0,0,0.0,22,0.0,2026-07-17 15:52:20.135162
26400,Henry Josué Martín Mex,794,Mexico,2,147,22,4,1,0.669,46,0.331,2026-07-17 15:52:20.135162
3086,Ben Davies,907,Wales,3,461,160,3,0,0.384,73,-0.384,2026-07-17 15:52:20.135162
3943,Declan Rice,768,England,5,963,327,0,0,0.0,121,0.0,2026-07-17 15:52:20.135162
3853,Kieffer Roberto Francisco Moore,907,Wales,3,359,60,6,0,0.64,83,-0.64,2026-07-17 15:52:20.135162
10955,Harry Kane,768,England,5,507,97,12,2,2.331,166,-0.331,2026-07-17 15:52:20.135162
3468,Jordan Pickford,768,England,5,431,161,0,0,0.0,32,0.0,2026-07-17 15:52:20.135162
22074,Joseff Morrell,907,Wales,2,67,13,0,0,0.0,16,0.0,2026-07-17 15:52:20.135162
40564,Kyung-Won Kwon,791,South Korea,2,128,43,1,0,0.005,12,-0.005,2026-07-17 15:52:20.135162
4353,Aymeric Laporte,772,Spain,3,1214,429,1,0,0.041,52,-0.041,2026-07-17 15:52:20.135162
8507,Lukas Klostermann,770,Germany,2,129,47,0,0,0.0,7,0.0,2026-07-17 15:52:20.135162
24118,Nico Schlotterbeck,770,Germany,2,348,123,0,0,0.0,31,0.0,2026-07-17 15:52:20.135162
3034,Kamil Glik,789,Poland,4,413,130,3,0,0.151,44,-0.151,2026-07-17 15:52:20.135162
23640,Jonathan David,1833,Canada,3,274,59,8,0,0.813,69,-0.813,2026-07-17 15:52:20.135162
5264,Guillermo Varela Olivera,783,Uruguay,3,272,91,0,0,0.0,47,0.0,2026-07-17 15:52:20.135162
5220,Morteza Pouraliganji,797,Iran,3,368,128,2,0,0.269,39,-0.269,2026-07-17 15:52:20.135162
8125,Denzel Dumfries,941,Netherlands,5,778,218,2,1,0.283,139,0.717,2026-07-17 15:52:20.135162
21809,Jurriën David Norman Timber,941,Netherlands,4,1019,316,0,0,0.0,119,0.0,2026-07-17 15:52:20.135162
5647,Ali Maâloul,777,Tunisia,1,151,61,0,0,0.0,14,0.0,2026-07-17 15:52:20.135162
29966,Ui-Jo Hwang,791,South Korea,4,113,11,1,0,0.323,29,-0.323,2026-07-17 15:52:20.135162
5650,Ferjani Sassi,777,Tunisia,2,118,34,1,0,0.02,14,-0.02,2026-07-17 15:52:20.135162
12493,Krzysztof Piątek,789,Poland,2,58,6,1,0,0.028,16,-0.028,2026-07-17 15:52:20.135162
5234,Sofyan Amrabat,788,Morocco,7,1097,323,1,0,0.021,160,-0.021,2026-07-17 15:52:20.135162
3067,Ederson Santana de Moraes,781,Brazil,1,81,30,0,0,0.0,7,0.0,2026-07-17 15:52:20.135162
124488,Hassan Khalid Al Heidos,3566,Qatar,3,341,77,1,0,0.016,55,-0.016,2026-07-17 15:52:20.135162
41711,Sang-Ho Na,791,South Korea,2,199,38,1,0,0.06,54,-0.06,2026-07-17 15:52:20.135162
28268,Exequiel Alejandro Palacios,779,Argentina,3,119,28,1,0,0.047,23,-0.047,2026-07-17 15:52:20.135162
23615,Gideon Mensah,4885,Ghana,1,135,45,0,0,0.0,19,0.0,2026-07-17 15:52:20.135162
12259,Denis Odoi,4885,Ghana,1,16,2,0,0,0.0,6,0.0,2026-07-17 15:52:20.135162
6377,Ángel Martín Correa,779,Argentina,1,20,4,0,0,0.0,8,0.0,2026-07-17 15:52:20.135162
17042,Andreas Skov Olsen,776,Denmark,2,247,62,4,0,0.312,54,-0.312,2026-07-17 15:52:20.135162
18722,Mathias Jensen,776,Denmark,2,228,68,2,0,0.048,24,-0.048,2026-07-17 15:52:20.135162
27569,Jesper Lindstrøm,776,Denmark,3,307,54,3,0,0.334,67,-0.334,2026-07-17 15:52:20.135162
31090,Takefusa Kubo,778,Japan,2,107,13,0,0,0.0,25,0.0,2026-07-17 15:52:20.135162
6765,Rodrigo Hernández Cascante,772,Spain,4,1906,679,1,0,0.006,112,-0.006,2026-07-17 15:52:20.135162
5721,Daniel Carvajal Ramos,772,Spain,2,355,135,0,0,0.0,32,0.0,2026-07-17 15:52:20.135162
37211,Kaoru Mitoma,778,Japan,4,291,73,1,0,0.054,60,-0.054,2026-07-17 15:52:20.135162
6321,Milos Veljkovic,786,Serbia,3,338,112,0,0,0.0,31,0.0,2026-07-17 15:52:20.135162
5589,Sergej Milinković-Savić,786,Serbia,3,446,120,3,1,0.2,88,0.8,2026-07-17 15:52:20.135162
5538,Denis Lemi Zakaria Lako Lado,773,Switzerland,2,87,22,1,0,0.042,10,-0.042,2026-07-17 15:52:20.135162
6319,Luka Jović,786,Serbia,2,46,10,2,0,0.058,5,-0.058,2026-07-17 15:52:20.135162
5833,Nemanja Radonjić,786,Serbia,3,99,23,2,0,0.052,24,-0.052,2026-07-17 15:52:20.135162
7426,Jean-Charles Castelletto,2722,Cameroon,2,265,78,1,1,0.895,54,0.105,2026-07-17 15:52:20.135162
3639,Georges-Kévin Nkoudou Mbida,2722,Cameroon,2,70,11,1,0,0.007,22,-0.007,2026-07-17 15:52:20.135162
5567,Edson Omar Álvarez Velázquez,794,Mexico,2,343,109,1,0,0.014,65,-0.014,2026-07-17 15:52:20.135162
5577,Francisco Guillermo Ochoa Magaña,794,Mexico,3,266,108,0,0,0.0,13,0.0,2026-07-17 15:52:20.135162
26301,Ernesto Alexis Vega Rojas,794,Mexico,3,290,54,9,0,0.692,88,-0.692,2026-07-17 15:52:20.135162
26280,Orbelín Pineda Alvarado,794,Mexico,1,152,26,4,0,0.505,44,-0.505,2026-07-17 15:52:20.135162
4934,Ethan Ampadu,907,Wales,3,451,144,1,0,0.014,106,-0.014,2026-07-17 15:52:20.135162
10931,Joe Allen,907,Wales,2,128,36,2,0,0.064,31,-0.064,2026-07-17 15:52:20.135162
5623,Jae-Sung Lee,791,South Korea,3,381,96,1,0,0.021,56,-0.021,2026-07-17 15:52:20.135162
5604,Young-Gwon Kim,791,South Korea,4,612,210,2,1,0.689,35,0.311,2026-07-17 15:52:20.135162
32975,Diogo Meireles Costa,780,Portugal,5,414,159,0,0,0.0,49,0.0,2026-07-17 15:52:20.135162
3167,Antonio Rüdiger,770,Germany,3,717,247,6,0,0.66,71,-0.66,2026-07-17 15:52:20.135162
8836,Karol Świderski,789,Poland,1,46,8,0,0,0.0,14,0.0,2026-07-17 15:52:20.135162
4445,Jules Koundé,771,France,6,889,308,4,0,0.17,129,-0.17,2026-07-17 15:52:20.135162
30111,Felix Eduardo Torres Caicedo,3565,Ecuador,3,544,199,1,0,0.154,43,-0.154,2026-07-17 15:52:20.135162
31751,Pathé Ismaël Ciss,787,Senegal,3,220,60,1,0,0.031,51,-0.031,2026-07-17 15:52:20.135162
28559,Enner Remberto Valencia Lastra,3565,Ecuador,3,374,51,9,3,1.925,117,1.075,2026-07-17 15:52:20.135162
133229,Ismael Koné,1833,Canada,3,318,102,0,0,0.0,45,0.0,2026-07-17 15:52:20.135162
11183,Alex Nicolao Telles,781,Brazil,2,123,44,0,0,0.0,8,0.0,2026-07-17 15:52:20.135162
6300,Sebastián Coates Nión,783,Uruguay,2,250,97,1,0,0.103,24,-0.103,2026-07-17 15:52:20.135162
3233,Raheem Sterling,768,England,3,237,58,1,1,0.189,74,0.811,2026-07-17 15:52:20.135162
5720,Milad Mohammadi,797,Iran,3,242,66,0,0,0.0,39,0.0,2026-07-17 15:52:20.135162
124161,Mehdi Torabi,797,Iran,3,145,37,2,0,0.097,21,-0.097,2026-07-17 15:52:20.135162
21881,Sergino Dest,1839,United States,4,711,201,6,0,0.252,109,-0.252,2026-07-17 15:52:20.135162
3377,Timothy Weah,1839,United States,4,437,109,5,1,0.44,86,0.56,2026-07-17 15:52:20.135162
3311,Daley Blind,941,Netherlands,5,935,304,5,1,0.522,100,0.478,2026-07-17 15:52:20.135162
29006,Noah Okafor,773,Switzerland,3,106,21,1,0,0.032,32,-0.032,2026-07-17 15:52:20.135162
6347,Ghilane Chalali,777,Tunisia,1,26,5,0,0,0.0,2,0.0,2026-07-17 15:52:20.135162
21736,Zakaria Aboukhlal,788,Morocco,4,89,13,3,1,0.597,20,0.403,2026-07-17 15:52:20.135162
5469,Marcelo Brozović,785,Croatia,6,1699,529,4,0,0.585,255,-0.585,2026-07-17 15:52:20.135162
3247,Fábio Henrique Tavares,781,Brazil,1,171,56,0,0,0.0,16,0.0,2026-07-17 15:52:20.135162
74588,Christopher Wooh,2722,Cameroon,1,116,33,1,0,0.057,17,-0.057,2026-07-17 15:52:20.135162
20758,Krépin Diatta,787,Senegal,3,340,76,3,0,0.129,81,-0.129,2026-07-17 15:52:20.135162
50497,Nicolas Jackson,787,Senegal,1,43,10,0,0,0.0,22,0.0,2026-07-17 15:52:20.135162
124503,Bassam Hisham Al Rawi,3566,Qatar,1,166,57,0,0,0.0,23,0.0,2026-07-17 15:52:20.135162
124496,Saad Abdullah Al Sheeb,3566,Qatar,1,61,21,0,0,0.0,6,0.0,2026-07-17 15:52:20.135162
27768,Lisandro Martínez,779,Argentina,5,470,154,1,0,0.332,79,-0.332,2026-07-17 15:52:20.135162
108340,Brandon Aguilera Zamora,795,Costa Rica,3,162,35,0,0,0.0,41,0.0,2026-07-17 15:52:20.135162
27163,Juan Pablo Vargas Campos,795,Costa Rica,1,97,28,1,0,0.184,21,-0.184,2026-07-17 15:52:20.135162
45047,Alidu Seidu,4885,Ghana,2,282,75,1,0,0.015,56,-0.015,2026-07-17 15:52:20.135162
37209,Miki Yamane,778,Japan,1,85,33,0,0,0.0,16,0.0,2026-07-17 15:52:20.135162
5191,Mohammed Al Burayk,799,Saudi Arabia,2,158,48,2,0,0.37,21,-0.37,2026-07-17 15:52:20.135162
3135,Chang-Hoon Kwon,791,South Korea,1,90,23,0,0,0.0,21,0.0,2026-07-17 15:52:20.135162
21214,Ilias Chair,788,Morocco,1,61,15,0,0,0.0,8,0.0,2026-07-17 15:52:20.135162
9236,Mohamed Dräger,777,Tunisia,2,193,51,4,0,0.304,30,-0.304,2026-07-17 15:52:20.135162
23910,Youssef Msakni,777,Tunisia,2,304,70,9,0,0.643,90,-0.643,2026-07-17 15:52:20.135162
5534,Simon Thorup Kjær,776,Denmark,1,170,55,0,0,0.0,10,0.0,2026-07-17 15:52:20.135162
6318,Andrija Živković,786,Serbia,3,339,99,1,0,0.03,55,-0.03,2026-07-17 15:52:20.135162
16026,Djibril Sow,773,Switzerland,4,370,97,2,0,0.15,52,-0.15,2026-07-17 15:52:20.135162
5481,Mathew Leckie,792,Australia,4,547,103,1,1,0.114,160,0.886,2026-07-17 15:52:20.135162
22293,Harry Souttar,792,Australia,4,504,163,1,0,0.068,73,-0.068,2026-07-17 15:52:20.135162
30179,Ivan Ilić,786,Serbia,1,68,20,0,0,0.0,7,0.0,2026-07-17 15:52:20.135162
5573,Héctor Alfredo Moreno Herrera,794,Mexico,3,540,191,1,0,0.177,39,-0.177,2026-07-17 15:52:20.135162
11250,Joe Rodon,907,Wales,3,490,162,0,0,0.0,49,0.0,2026-07-17 15:52:20.135162
30714,Jude Bellingham,768,England,5,970,275,5,1,0.841,197,0.159,2026-07-17 15:52:20.135162
23763,In-Beom Hwang,791,South Korea,4,809,247,6,0,0.198,114,-0.198,2026-07-17 15:52:20.135162
3053,Leroy Sané,770,Germany,2,210,56,3,0,0.183,37,-0.183,2026-07-17 15:52:20.135162
4734,Matty Cash,789,Poland,4,486,156,1,0,0.024,65,-0.024,2026-07-17 15:52:20.135162
3099,Hugo Lloris,771,France,6,441,182,0,0,0.0,30,0.0,2026-07-17 15:52:20.135162
2972,Marcus Thuram,771,France,5,254,45,1,0,0.116,97,-0.116,2026-07-17 15:52:20.135162
12583,Carlos Armando Gruezo Arboleda,3565,Ecuador,1,56,14,0,0,0.0,10,0.0,2026-07-17 15:52:20.135162
40211,Jeremy Leonel Sarmiento Morante,3565,Ecuador,3,139,33,1,0,0.029,44,-0.029,2026-07-17 15:52:20.135162
51969,Jackson Gabriel Porozo Vernaza,3565,Ecuador,2,141,42,1,0,0.053,10,-0.053,2026-07-17 15:52:20.135162
23828,Kamal Miller,1833,Canada,3,604,199,0,0,0.0,71,0.0,2026-07-17 15:52:20.135162
16459,Cyle Larin,1833,Canada,3,163,31,3,0,0.25,39,-0.25,2026-07-17 15:52:20.135162
25142,Bruno Guimarães Rodriguez Moura,781,Brazil,2,195,55,5,0,0.648,35,-0.648,2026-07-17 15:52:20.135162
5204,Bruno Miguel Borges Fernandes,780,Portugal,4,798,231,8,2,1.031,125,0.969,2026-07-17 15:52:20.135162
41092,Nuno Mendes,780,Portugal,1,100,34,0,0,0.0,11,0.0,2026-07-17 15:52:20.135162
5255,Matías Vecino Falero,783,Uruguay,3,356,103,1,0,0.052,63,-0.052,2026-07-17 15:52:20.135162
3193,Bernardo Mota Veiga de Carvalho e Silva,780,Portugal,5,930,292,1,0,0.109,122,-0.109,2026-07-17 15:52:20.135162
5722,Saeid Ezatolahi Afagh,797,Iran,3,306,93,3,0,0.061,65,-0.061,2026-07-17 15:52:20.135162
5224,Sardar Azmoun,797,Iran,3,137,32,5,0,0.961,35,-0.961,2026-07-17 15:52:20.135162
105944,Wajdi Kechrida,777,Tunisia,3,191,66,0,0,0.0,23,0.0,2026-07-17 15:52:20.135162
22097,Randal Kolo Muani,771,France,3,259,36,4,1,1.267,98,-0.267,2026-07-17 15:52:20.135162
4706,Kalvin Phillips,768,England,2,69,19,0,0,0.0,11,0.0,2026-07-17 15:52:20.135162
5227,Alireza Safar Beiranvand,797,Iran,2,79,31,0,0,0.0,7,0.0,2026-07-17 15:52:20.135162
149714,Abdessamad Ezzalzouli,788,Morocco,3,125,16,1,0,0.06,24,-0.06,2026-07-17 15:52:20.135162
326758,Abolfazl Jalali,797,Iran,1,89,29,0,0,0.0,29,0.0,2026-07-17 15:52:20.135162
10530,Jules Olivier Ntcham,2722,Cameroon,1,46,12,1,0,0.033,15,-0.033,2026-07-17 15:52:20.135162
5233,Munir Mohand Mohamedi,788,Morocco,1,62,27,0,0,0.0,2,0.0,2026-07-17 15:52:20.135162
8966,Kai Havertz,770,Germany,2,159,33,5,2,1.155,41,0.845,2026-07-17 15:52:20.135162
8069,Matthijs de Ligt,941,Netherlands,2,138,45,0,0,0.0,13,0.0,2026-07-17 15:52:20.135162
3684,Cheikhou Kouyaté,787,Senegal,1,95,26,0,0,0.0,28,0.0,2026-07-17 15:52:20.135162
8064,André Onana,2722,Cameroon,1,148,60,0,0,0.0,12,0.0,2026-07-17 15:52:20.135162
17033,Mohammed Kudus,4885,Ghana,3,438,82,8,2,0.659,146,1.341,2026-07-17 15:52:20.135162
3289,Romelu Lukaku Menama,782,Belgium,2,59,9,5,0,1.684,23,-1.684,2026-07-17 15:52:20.135162
21879,Kenneth Taylor,941,Netherlands,1,26,9,0,0,0.0,6,0.0,2026-07-17 15:52:20.135162
124512,Mosaab Khoder Jibril,3566,Qatar,1,14,3,0,0,0.0,2,0.0,2026-07-17 15:52:20.135162
54144,Nawaf Shaker Al Abid,799,Saudi Arabia,2,179,38,2,0,0.106,38,-0.106,2026-07-17 15:52:20.135162
74623,Nasser Al Dawsari,799,Saudi Arabia,1,39,10,0,0,0.0,7,0.0,2026-07-17 15:52:20.135162
21547,Noa Lang,941,Netherlands,1,15,3,0,0,0.0,1,0.0,2026-07-17 15:52:20.135162
131037,Anass Zaroury,788,Morocco,1,39,12,0,0,0.0,4,0.0,2026-07-17 15:52:20.135162
3959,Andreas Christensen,776,Denmark,3,755,250,2,1,0.525,62,0.475,2026-07-17 15:52:20.135162
3043,Christian Dannemann Eriksen,776,Denmark,3,713,231,4,0,0.154,89,-0.154,2026-07-17 15:52:20.135162
105943,Aymen Dahmen,777,Tunisia,3,201,77,0,0,0.0,14,0.0,2026-07-17 15:52:20.135162
39161,Alejandro Balde Martínez,772,Spain,4,389,119,1,0,0.078,60,-0.078,2026-07-17 15:52:20.135162
37221,Hidemasa Morita,778,Japan,3,553,161,3,0,0.191,123,-0.191,2026-07-17 15:52:20.135162
33492,Mitchell Thomas Duke,792,Australia,4,378,68,7,1,0.255,79,0.745,2026-07-17 15:52:20.135162
3063,Danilo Luiz da Silva,781,Brazil,3,748,267,2,0,0.032,49,-0.032,2026-07-17 15:52:20.135162
7993,Filip Mladenović,786,Serbia,1,85,24,1,0,0.026,16,-0.026,2026-07-17 15:52:20.135162
3551,Karl Brillant Toko Ekambi,2722,Cameroon,3,226,52,2,0,0.18,69,-0.18,2026-07-17 15:52:20.135162
10477,Stefan Mitrović,786,Serbia,1,57,19,0,0,0.0,3,0.0,2026-07-17 15:52:20.135162
28825,Luis Gerardo Chávez Magallón,794,Mexico,3,486,144,10,1,0.216,99,0.784,2026-07-17 15:52:20.135162
5576,Jesús Daniel Gallardo Vasconcelos,794,Mexico,3,427,138,1,0,0.064,57,-0.064,2026-07-17 15:52:20.135162
51705,Abdulrahman Al-Obood,799,Saudi Arabia,2,79,13,1,0,0.042,25,-0.042,2026-07-17 15:52:20.135162
3382,Luke Shaw,768,England,5,1119,402,3,0,0.084,146,-0.084,2026-07-17 15:52:20.135162
9914,Daniel Ward,907,Wales,2,115,39,0,0,0.0,13,0.0,2026-07-17 15:52:20.135162
5618,Woo-Young Jung,791,South Korea,4,651,208,1,0,0.011,67,-0.011,2026-07-17 15:52:20.135162
34639,Vitor Machado Ferreira,780,Portugal,3,363,109,2,0,0.054,50,-0.054,2026-07-17 15:52:20.135162
37641,Seung-Gyu Kim,791,South Korea,4,331,128,0,0,0.0,21,0.0,2026-07-17 15:52:20.135162
40558,Jun-Ho Son,791,South Korea,3,183,61,0,0,0.0,13,0.0,2026-07-17 15:52:20.135162
6322,Niklas Süle,770,Germany,3,715,252,1,0,0.076,63,-0.076,2026-07-17 15:52:20.135162
5669,Wojciech Szczęsny,789,Poland,4,375,146,0,0,0.0,20,0.0,2026-07-17 15:52:20.135162
11737,Krystian Bielik,789,Poland,4,360,98,2,0,0.137,77,-0.137,2026-07-17 15:52:20.135162
7097,Christian Nørgaard,776,Denmark,1,37,15,0,0,0.0,3,0.0,2026-07-17 15:52:20.135162
31152,Gonzalo Jordy Plata Jiménez,3565,Ecuador,3,452,104,2,0,0.105,109,-0.105,2026-07-17 15:52:20.135162
36148,José Adoni Cifuentes Charcopa,3565,Ecuador,2,148,43,1,0,0.025,27,-0.025,2026-07-17 15:52:20.135162
11187,Stephen Antunes Eustáquio,1833,Canada,2,309,93,3,0,0.165,32,-0.165,2026-07-17 15:52:20.135162
6331,Leander Dendoncker,782,Belgium,2,369,119,1,0,0.089,34,-0.089,2026-07-17 15:52:20.135162
15958,Milan Borjan,1833,Canada,3,252,96,0,0,0.0,21,0.0,2026-07-17 15:52:20.135162
2954,Youri Tielemans,782,Belgium,3,203,61,0,0,0.0,32,0.0,2026-07-17 15:52:20.135162
48347,Amadou Onana,782,Belgium,2,232,63,2,0,0.292,52,-0.292,2026-07-17 15:52:20.135162
29758,Sam Adekugbe,1833,Canada,3,220,72,0,0,0.0,22,0.0,2026-07-17 15:52:20.135162
5206,Rúben Santos Gato Alves Dias,780,Portugal,4,778,266,1,0,0.038,69,-0.038,2026-07-17 15:52:20.135162
6773,Federico Santiago Valverde Dipetta,783,Uruguay,3,581,186,7,0,0.117,79,-0.117,2026-07-17 15:52:20.135162
3306,Nathan Aké,941,Netherlands,5,1065,352,0,0,0.0,92,0.0,2026-07-17 15:52:20.135162
23830,Jhegson Sebastián Méndez Carabalí,3565,Ecuador,2,427,141,0,0,0.0,42,0.0,2026-07-17 15:52:20.135162
9980,Jamie MacLaren,792,Australia,3,73,16,0,0,0.0,11,0.0,2026-07-17 15:52:20.135162
16120,Richie Laryea,1833,Canada,3,219,45,2,0,0.057,53,-0.057,2026-07-17 15:52:20.135162
6785,Yassine Bounou,788,Morocco,6,527,210,0,0,0.0,72,0.0,2026-07-17 15:52:20.135162
5245,Achraf Hakimi Mouh,788,Morocco,7,1260,380,4,0,0.136,228,-0.136,2026-07-17 15:52:20.135162
12625,Borna Sosa,785,Croatia,5,857,276,2,0,0.048,128,-0.048,2026-07-17 15:52:20.135162
184468,Álvaro José Zamora Mata,795,Costa Rica,1,32,5,0,0,0.0,9,0.0,2026-07-17 15:52:20.135162
132756,Youstin Delfin Salas Gómez,795,Costa Rica,2,70,18,0,0,0.0,16,0.0,2026-07-17 15:52:20.135162
8108,Lawrence Ati-Zigi,4885,Ghana,3,185,76,0,0,0.0,14,0.0,2026-07-17 15:52:20.135162
124899,Ismaeel Mohammad Mohammad,3566,Qatar,2,244,67,2,0,0.358,49,-0.358,2026-07-17 15:52:20.135162
136306,Abdul Fatawu Issahaku,4885,Ghana,1,3,0,0,0,0.0,2,0.0,2026-07-17 15:52:20.135162
51632,Sami Khalil Al Naji,799,Saudi Arabia,1,76,21,0,0,0.0,10,0.0,2026-07-17 15:52:20.135162
5178,Salman Mohammed Al Faraj,799,Saudi Arabia,1,65,15,0,0,0.0,15,0.0,2026-07-17 15:52:20.135162
11127,Borna Barišić,785,Croatia,1,205,67,1,0,0.015,18,-0.015,2026-07-17 15:52:20.135162
296254,Walid Cheddira,788,Morocco,2,79,8,2,0,0.249,16,-0.249,2026-07-17 15:52:20.135162
3557,Naïm Sliti,777,Tunisia,2,201,50,1,0,0.14,50,-0.14,2026-07-17 15:52:20.135162
25719,Shūichi Gonda,778,Japan,4,301,113,0,0,0.0,27,0.0,2026-07-17 15:52:20.135162
5719,Marco Asensio Willemsen,772,Spain,4,459,117,10,1,0.608,90,0.392,2026-07-17 15:52:20.135162
4269,Aleksandar Mitrović,786,Serbia,3,340,67,10,2,1.502,78,0.498,2026-07-17 15:52:20.135162
15957,Miloš Degenek,792,Australia,4,279,97,0,0,0.0,66,0.0,2026-07-17 15:52:20.135162
33488,Keanu Baccus,792,Australia,4,192,40,1,0,0.035,32,-0.035,2026-07-17 15:52:20.135162
25104,Rodrygo Silva de Goes,781,Brazil,5,450,112,6,0,0.462,75,-0.462,2026-07-17 15:52:20.135162
13454,Nouhou Tolo,2722,Cameroon,3,333,106,0,0,0.0,65,0.0,2026-07-17 15:52:20.135162
51710,Saud Abdullah Abdul Hamid,799,Saudi Arabia,3,408,119,1,0,0.006,71,-0.006,2026-07-17 15:52:20.135162
3517,Aaron Ramsey,907,Wales,3,457,110,1,0,0.025,109,-0.025,2026-07-17 15:52:20.135162
82257,Rubin Colwill,907,Wales,1,16,4,1,0,0.025,0,-0.025,2026-07-17 15:52:20.135162
8511,Thilo Kehrer,770,Germany,1,111,28,0,0,0.0,20,0.0,2026-07-17 15:52:20.135162
5579,Joshua Kimmich,770,Germany,3,769,271,7,0,0.335,105,-0.335,2026-07-17 15:52:20.135162
5199,Jorge Resurrección Merodio,772,Spain,2,184,63,0,0,0.0,11,0.0,2026-07-17 15:52:20.135162
29201,Nahuel Molina Lucero,779,Argentina,7,1050,360,2,1,0.485,142,0.515,2026-07-17 15:52:20.135162
31955,Jakub Kamiński,789,Poland,4,291,59,4,0,0.262,81,-0.262,2026-07-17 15:52:20.135162
7379,Edouard Mendy,787,Senegal,4,299,117,0,0,0.0,24,0.0,2026-07-17 15:52:20.135162
11846,Steven de Sousa Vitoria,1833,Canada,3,538,183,0,0,0.0,58,0.0,2026-07-17 15:52:20.135162
23363,Liam Millar,1833,Canada,1,27,9,0,0,0.0,0,0.0,2026-07-17 15:52:20.135162
5550,Yann Sommer,773,Switzerland,3,325,117,0,0,0.0,34,0.0,2026-07-17 15:52:20.135162
12326,Renato Steffen,773,Switzerland,1,44,13,0,0,0.0,10,0.0,2026-07-17 15:52:20.135162
4319,Edinson Roberto Cavani Gómez,783,Uruguay,3,149,39,3,0,0.179,21,-0.179,2026-07-17 15:52:20.135162
18242,Tim Ream,1839,United States,4,800,270,1,0,0.258,60,-0.258,2026-07-17 15:52:20.135162
24243,Brenden Aaronson,1839,United States,4,254,48,1,0,0.094,61,-0.094,2026-07-17 15:52:20.135162
8259,Steven Bergwijn,941,Netherlands,4,296,71,2,0,0.34,92,-0.34,2026-07-17 15:52:20.135162
6994,Marten de Roon,941,Netherlands,5,391,122,0,0,0.0,41,0.0,2026-07-17 15:52:20.135162
348757,Kevin José Rodríguez Cortez,3565,Ecuador,2,22,1,1,0,0.138,4,-0.138,2026-07-17 15:52:20.135162
16022,Christian Fassnacht,773,Switzerland,1,38,10,1,0,0.317,12,-0.317,2026-07-17 15:52:20.135162
23721,Wataru Endo,778,Japan,4,667,187,6,0,0.181,137,-0.181,2026-07-17 15:52:20.135162
5474,Ivan Perišić,785,Croatia,7,1122,304,16,1,0.756,227,0.244,2026-07-17 15:52:20.135162
7551,Enzo Ebosse,2722,Cameroon,1,121,39,0,0,0.0,10,0.0,2026-07-17 15:52:20.135162
50528,Sorba Thomas,907,Wales,1,20,4,0,0,0.0,4,0.0,2026-07-17 15:52:20.135162
32688,Charles De Ketelaere,782,Belgium,1,26,4,0,0,0.0,10,0.0,2026-07-17 15:52:20.135162
3264,Vincent Janssen,941,Netherlands,2,112,20,2,0,0.156,27,-0.156,2026-07-17 15:52:20.135162
124494,Abdelkarim Hassan Al Haj Fadlalla,3566,Qatar,3,524,158,6,0,0.275,85,-0.275,2026-07-17 15:52:20.135162
28729,Diego Nicolás De La Cruz Arcosa,783,Uruguay,2,100,24,1,0,0.043,20,-0.043,2026-07-17 15:52:20.135162
26375,Roberto Carlos Alvarado Hernández,794,Mexico,1,49,11,0,0,0.0,7,0.0,2026-07-17 15:52:20.135162
5600,Francisco Javier Calvo Quesada,795,Costa Rica,2,331,101,1,0,0.014,48,-0.014,2026-07-17 15:52:20.135162
6328,Kendall Jamaal Waston Manley,795,Costa Rica,3,245,77,1,0,0.099,45,-0.099,2026-07-17 15:52:20.135162
135271,Roan Roberto Wilson Gordon,795,Costa Rica,1,28,6,0,0,0.0,6,0.0,2026-07-17 15:52:20.135162
124510,Meshaal Aissa Barsham,3566,Qatar,2,163,63,0,0,0.0,16,0.0,2026-07-17 15:52:20.135162
38285,Ayase Ueda,778,Japan,1,83,11,0,0,0.0,35,0.0,2026-07-17 15:52:20.135162
95272,Hiroki Ito,778,Japan,1,165,63,0,0,0.0,10,0.0,2026-07-17 15:52:20.135162
139016,Achraf Dari,788,Morocco,3,336,107,1,1,0.418,26,0.582,2026-07-17 15:52:20.135162
37148,Josip Šutalo,785,Croatia,1,198,66,0,0,0.0,13,0.0,2026-07-17 15:52:20.135162
67700,Badr Banoun,788,Morocco,3,81,21,0,0,0.0,8,0.0,2026-07-17 15:52:20.135162
8654,Ante Budimir,785,Croatia,2,58,6,1,0,0.101,18,-0.101,2026-07-17 15:52:20.135162
3815,Kasper Schmeichel,776,Denmark,3,250,87,0,0,0.0,16,0.0,2026-07-17 15:52:20.135162
3957,César Azpilicueta Tanco,772,Spain,2,516,179,0,0,0.0,33,0.0,2026-07-17 15:52:20.135162
30486,Pedro González López,772,Spain,4,1376,426,0,0,0.0,197,0.0,2026-07-17 15:52:20.135162
30628,Daizen Maeda,778,Japan,3,183,18,2,1,0.536,32,0.464,2026-07-17 15:52:20.135162
11748,Unai Simón Mendibil,772,Spain,4,429,158,0,0,0.0,70,0.0,2026-07-17 15:52:20.135162
6748,Ferrán Torres García,772,Spain,4,411,86,4,2,1.005,106,0.995,2026-07-17 15:52:20.135162
7796,Silvan Widmer,773,Switzerland,3,508,164,1,0,0.051,83,-0.051,2026-07-17 15:52:20.135162
20600,Vanja Milinković Savić,786,Serbia,3,343,127,0,0,0.0,25,0.0,2026-07-17 15:52:20.135162
5537,Fabian Lukas Schär,773,Switzerland,2,238,80,2,0,0.104,40,-0.104,2026-07-17 15:52:20.135162
6983,Remo Freuler,773,Switzerland,4,535,149,3,1,0.545,97,0.455,2026-07-17 15:52:20.135162
17974,Gregor Kobel,773,Switzerland,1,68,29,0,0,0.0,3,0.0,2026-07-17 15:52:20.135162
7117,Filip Đuričić,786,Serbia,2,28,6,0,0,0.0,7,0.0,2026-07-17 15:52:20.135162
25363,Antony Matheus dos Santos,781,Brazil,4,447,113,6,0,0.155,85,-0.155,2026-07-17 15:52:20.135162
51469,Saleh Khalid Al Shehri,799,Saudi Arabia,3,287,46,3,1,0.147,78,0.853,2026-07-17 15:52:20.135162
51099,Firas Tariq Nasser Al Albirakan,799,Saudi Arabia,3,329,69,2,0,0.124,95,-0.124,2026-07-17 15:52:20.135162
10868,Ricardo Jorge Luz Horta,780,Portugal,3,173,47,3,1,0.459,21,0.541,2026-07-17 15:52:20.135162
20016,Kléper Laveran Lima Ferreira,780,Portugal,4,866,295,3,1,0.335,89,0.665,2026-07-17 15:52:20.135162
5660,Piotr Zieliński,789,Poland,4,494,153,3,1,0.584,86,0.416,2026-07-17 15:52:20.135162
6909,Damián Emiliano Martínez,779,Argentina,7,481,186,0,0,0.0,58,0.0,2026-07-17 15:52:20.135162
29560,Julián Álvarez,779,Argentina,7,658,124,11,4,1.908,137,2.092,2026-07-17 15:52:20.135162
8714,Damian Szymański,789,Poland,1,28,9,0,0,0.0,3,0.0,2026-07-17 15:52:20.135162
4664,Sebastian Szymański,789,Poland,2,186,40,0,0,0.0,44,0.0,2026-07-17 15:52:20.135162
5675,Kalidou Koulibaly,787,Senegal,4,615,196,1,1,0.234,100,0.766,2026-07-17 15:52:20.135162
80484,Iliman Ndiaye,787,Senegal,3,190,35,2,0,0.074,63,-0.074,2026-07-17 15:52:20.135162
8553,Abdou Diallo,787,Senegal,4,533,183,1,0,0.035,60,-0.035,2026-07-17 15:52:20.135162
37522,Hernán Ismael Galíndez,3565,Ecuador,3,179,77,0,0,0.0,5,0.0,2026-07-17 15:52:20.135162
8814,Nico Elvedi,773,Switzerland,2,424,141,1,0,0.19,40,-0.19,2026-07-17 15:52:20.135162
22084,Bukayo Saka,768,England,4,485,111,7,3,0.579,137,2.421,2026-07-17 15:52:20.135162
5228,Seyed Majid Hosseini,797,Iran,3,342,108,0,0,0.0,62,0.0,2026-07-17 15:52:20.135162
12751,Tyler Adams,1839,United States,4,851,269,1,0,0.02,106,-0.02,2026-07-17 15:52:20.135162
22168,Joshua Sargent,1839,United States,3,195,34,4,0,0.362,58,-0.362,2026-07-17 15:52:20.135162
9540,Harry Wilson,907,Wales,3,219,62,2,0,0.061,47,-0.061,2026-07-17 15:52:20.135162
5231,Karim Ansarifard,797,Iran,2,32,6,1,0,0.064,12,-0.064,2026-07-17 15:52:20.135162
20750,Cody Mathès Gakpo,941,Netherlands,5,652,154,5,3,0.562,179,2.438,2026-07-17 15:52:20.135162
8561,Fabian Frei,773,Switzerland,2,55,13,0,0,0.0,17,0.0,2026-07-17 15:52:20.135162
15971,Cameron Carter-Vickers,1839,United States,1,165,55,0,0,0.0,21,0.0,2026-07-17 15:52:20.135162
33572,Nathaniel Atkinson,792,Australia,1,108,37,0,0,0.0,24,0.0,2026-07-17 15:52:20.135162
43565,Min Jae Kim,791,South Korea,3,547,187,2,0,0.106,42,-0.106,2026-07-17 15:52:20.135162
132271,Carlos Manuel Martínez Castro,795,Costa Rica,1,51,14,0,0,0.0,10,0.0,2026-07-17 15:52:20.135162
5595,Johan Alberto Venegas Ulloa,795,Costa Rica,1,87,14,0,0,0.0,16,0.0,2026-07-17 15:52:20.135162
31029,Salis Abdul Samed,4885,Ghana,3,509,142,1,0,0.027,80,-0.027,2026-07-17 15:52:20.135162
56755,Abdulelah Saad Hameed Al-Malki,799,Saudi Arabia,2,301,86,2,0,0.139,41,-0.139,2026-07-17 15:52:20.135162
39167,Xavi Simons,941,Netherlands,1,38,10,0,0,0.0,7,0.0,2026-07-17 15:52:20.135162
6302,Kasper Dolberg,776,Denmark,3,146,18,4,0,0.512,37,-0.512,2026-07-17 15:52:20.135162
24443,Mikkel Damsgaard,776,Denmark,3,268,71,0,0,0.0,45,0.0,2026-07-17 15:52:20.135162
128793,Taha Yassine Khenissi,777,Tunisia,2,36,3,1,0,0.013,9,-0.013,2026-07-17 15:52:20.135162
6892,Pau Francisco Torres,772,Spain,1,549,190,0,0,0.0,27,0.0,2026-07-17 15:52:20.135162
5603,Nikola Milenković,786,Serbia,3,476,157,3,0,0.123,62,-0.123,2026-07-17 15:52:20.135162
6901,Nemanja Maksimović,786,Serbia,3,190,57,0,0,0.0,23,0.0,2026-07-17 15:52:20.135162
11174,Vincent Paté Aboubakar,2722,Cameroon,3,181,31,6,2,0.529,61,1.471,2026-07-17 15:52:20.135162
3616,Callum Wilson,768,England,2,75,12,0,0,0.0,22,0.0,2026-07-17 15:52:20.135162
3637,Grzegorz Krychowiak,789,Poland,4,452,127,1,0,0.022,87,-0.022,2026-07-17 15:52:20.135162
7161,Germán Alejandro Pezzella,779,Argentina,3,141,49,1,0,0.045,12,-0.045,2026-07-17 15:52:20.135162
3436,Idrissa Gana Gueye,787,Senegal,3,480,131,4,0,0.332,86,-0.332,2026-07-17 15:52:20.135162
20611,Boulaye Dia,787,Senegal,4,313,53,8,1,0.662,97,0.338,2026-07-17 15:52:20.135162
6989,Timothy Castagne,782,Belgium,3,598,201,0,0,0.0,92,0.0,2026-07-17 15:52:20.135162
5246,Luis Alberto Suárez Díaz,783,Uruguay,3,193,40,2,0,0.362,60,-0.362,2026-07-17 15:52:20.135162
17592,William Saliba,771,France,1,103,37,0,0,0.0,5,0.0,2026-07-17 15:52:20.135162
28966,Gaël Ondoua,2722,Cameroon,2,76,19,0,0,0.0,19,0.0,2026-07-17 15:52:20.135162
51096,Ali Al Hassan,799,Saudi Arabia,1,42,8,1,0,0.102,12,-0.102,2026-07-17 15:52:20.135162
15890,Noussair Mazraoui,788,Morocco,5,432,121,4,0,0.151,95,-0.151,2026-07-17 15:52:20.135162
31295,Yahia Attiyat allah,788,Morocco,6,459,138,2,0,0.332,70,-0.332,2026-07-17 15:52:20.135162
28914,Lovro Majer,785,Croatia,7,374,98,4,1,0.809,79,0.191,2026-07-17 15:52:20.135162
5248,José Martín Cáceres Silva,783,Uruguay,1,215,81,0,0,0.0,19,0.0,2026-07-17 15:52:20.135162
28370,Fran Karačić,792,Australia,2,163,55,3,0,0.055,32,-0.055,2026-07-17 15:52:20.135162
11388,Néstor Alejandro Araújo Razo,794,Mexico,1,153,56,0,0,0.0,10,0.0,2026-07-17 15:52:20.135162
44225,Osman Bukari,4885,Ghana,2,104,21,3,1,0.246,18,0.754,2026-07-17 15:52:20.135162
6393,Iñaki Williams Arthuer,4885,Ghana,3,263,44,2,0,0.126,64,-0.126,2026-07-17 15:52:20.135162
132497,Gerson Torres Barrantes,795,Costa Rica,1,107,17,1,0,0.014,35,-0.014,2026-07-17 15:52:20.135162
37122,Yuki Soma,778,Japan,1,93,20,3,0,0.135,29,-0.135,2026-07-17 15:52:20.135162
8808,Matthias Ginter,770,Germany,1,11,3,0,0,0.0,1,0.0,2026-07-17 15:52:20.135162
23264,Seung-Ho Paik,791,South Korea,1,75,24,1,1,0.023,6,0.977,2026-07-17 15:52:20.135162
3767,Ellyes Joris Skhiri,777,Tunisia,3,453,128,2,0,0.101,69,-0.101,2026-07-17 15:52:20.135162
50988,Hannibal Mejbri,777,Tunisia,1,9,2,0,0,0.0,0,0.0,2026-07-17 15:52:20.135162
3300,Maya Yoshida,778,Japan,4,679,227,0,0,0.0,102,0.0,2026-07-17 15:52:20.135162
5544,Ricardo Iván Rodríguez Araya,773,Switzerland,4,640,227,0,0,0.0,110,0.0,2026-07-17 15:52:20.135162
18015,Dušan Vlahović,786,Serbia,2,79,13,3,1,0.762,23,0.238,2026-07-17 15:52:20.135162
30401,Ruben Vargas,773,Switzerland,4,423,114,3,0,0.296,78,-0.296,2026-07-17 15:52:20.135162
18395,Vinícius José Paixão de Oliveira Júnior,781,Brazil,4,494,91,9,1,0.812,123,0.188,2026-07-17 15:52:20.135162
3202,Gabriel Fernando de Jesus,781,Brazil,3,147,27,2,0,0.324,35,-0.324,2026-07-17 15:52:20.135162
30016,Martin Hongla Yma II,2722,Cameroon,2,216,64,1,0,0.082,35,-0.082,2026-07-17 15:52:20.135162
12623,Pierre Kunde Malong,2722,Cameroon,2,190,51,5,0,0.187,38,-0.187,2026-07-17 15:52:20.135162
26406,Jorge Eduardo Sánchez Ramos,794,Mexico,2,266,86,1,0,0.007,50,-0.007,2026-07-17 15:52:20.135162
5571,Hirving Rodrigo Lozano Bahena,794,Mexico,3,442,74,6,0,0.24,110,-0.24,2026-07-17 15:52:20.135162
3244,John Stones,768,England,5,1311,450,4,0,0.587,102,-0.587,2026-07-17 15:52:20.135162
7005,João Pedro Cavaco Cancelo,780,Portugal,4,827,269,2,0,0.055,126,-0.055,2026-07-17 15:52:20.135162
40542,Gue-Sung Cho,791,South Korea,4,367,60,8,2,0.713,101,1.287,2026-07-17 15:52:20.135162
40874,Matheus Luiz Nunes,780,Portugal,2,124,33,1,0,0.008,19,-0.008,2026-07-17 15:52:20.135162
2995,Ángel Fabián Di María Hernández,779,Argentina,5,669,164,7,1,0.534,166,0.466,2026-07-17 15:52:20.135162
28453,Michał Skóraś,789,Poland,1,38,9,1,0,0.027,8,-0.027,2026-07-17 15:52:20.135162
16308,Leandro Daniel Paredes,779,Argentina,5,738,240,1,0,0.014,52,-0.014,2026-07-17 15:52:20.135162
8217,Kingsley Coman,771,France,6,350,70,1,0,0.088,103,-0.088,2026-07-17 15:52:20.135162
9922,David Junior Hoilett,1833,Canada,3,250,55,4,0,0.119,78,-0.119,2026-07-17 15:52:20.135162
10956,Eric Dier,768,England,2,120,42,0,0,0.0,5,0.0,2026-07-17 15:52:20.135162
25582,Nader Ghandri,777,Tunisia,1,100,30,0,0,0.0,18,0.0,2026-07-17 15:52:20.135162
11990,Youssouf Fofana,771,France,6,418,112,4,0,0.166,46,-0.166,2026-07-17 15:52:20.135162
46258,Azzedine Ounahi,788,Morocco,7,1038,267,6,0,0.245,238,-0.245,2026-07-17 15:52:20.135162
24475,Awer Denis Bul Mabil,792,Australia,2,57,14,0,0,0.0,12,0.0,2026-07-17 15:52:20.135162
26348,Lucas Daniel Cavallini,1833,Canada,1,23,3,0,0,0.0,2,0.0,2026-07-17 15:52:20.135162
5632,Thorgan Hazard,782,Belgium,2,208,59,0,0,0.0,37,0.0,2026-07-17 15:52:20.135162
3530,Hiroki Sakai,778,Japan,2,164,46,1,0,0.288,42,-0.288,2026-07-17 15:52:20.135162
5598,Óscar Esau Duarte Gaitán,795,Costa Rica,3,308,97,0,0,0.0,43,0.0,2026-07-17 15:52:20.135162
5592,Bryan Ruiz González,795,Costa Rica,1,46,13,0,0,0.0,16,0.0,2026-07-17 15:52:20.135162
29012,Eray Ervin Cömert,773,Switzerland,2,132,41,0,0,0.0,11,0.0,2026-07-17 15:52:20.135162
22067,Woo-Yeong Jeong,791,South Korea,1,71,16,1,0,0.03,7,-0.03,2026-07-17 15:52:20.135162
7006,Alejandro Darío Gómez,779,Argentina,2,230,58,2,0,0.023,77,-0.023,2026-07-17 15:52:20.135162
9411,Daichi Kamada,778,Japan,4,466,104,6,0,0.421,83,-0.421,2026-07-17 15:52:20.135162
37215,Shogo Taniguchi,778,Japan,2,241,86,2,0,0.174,34,-0.174,2026-07-17 15:52:20.135162
133353,Pablo Martín Páez Gavira,772,Spain,4,623,153,1,1,0.056,134,0.944,2026-07-17 15:52:20.135162
23527,Junya Ito,778,Japan,4,402,98,2,0,0.111,103,-0.111,2026-07-17 15:52:20.135162
3477,Álvaro Borja Morata Martín,772,Spain,4,215,40,8,3,1.109,54,1.891,2026-07-17 15:52:20.135162
23730,Takehiro Tomiyasu,778,Japan,3,278,98,0,0,0.0,31,0.0,2026-07-17 15:52:20.135162
3500,Granit Xhaka,773,Switzerland,4,745,240,6,0,0.296,127,-0.296,2026-07-17 15:52:20.135162
3240,Mathew Ryan,792,Australia,4,429,163,0,0,0.0,60,0.0,2026-07-17 15:52:20.135162
15326,Devis Rogers Epassy Mboka,2722,Cameroon,2,209,84,0,0,0.0,19,0.0,2026-07-17 15:52:20.135162
51546,Hassan Mohammed Al-Tambakti,799,Saudi Arabia,2,170,49,0,0,0.0,33,0.0,2026-07-17 15:52:20.135162
5187,Salem Mohammed Al Dawsari,799,Saudi Arabia,3,476,117,7,2,1.564,91,0.436,2026-07-17 15:52:20.135162
9638,Jack Grealish,768,England,5,234,56,1,1,0.626,59,0.374,2026-07-17 15:52:20.135162
40672,Moon-Hwan Kim,791,South Korea,4,709,242,0,0,0.0,102,0.0,2026-07-17 15:52:20.135162
22740,Kang-In Lee,791,South Korea,4,278,77,5,0,0.118,38,-0.118,2026-07-17 15:52:20.135162
5218,André Miguel Valente Silva,780,Portugal,1,47,11,0,0,0.0,13,0.0,2026-07-17 15:52:20.135162
12034,David Raum,770,Germany,3,574,193,0,0,0.0,59,0.0,2026-07-17 15:52:20.135162
5507,Nicolás Alejandro Tagliafico,779,Argentina,6,579,182,3,0,0.912,98,-0.912,2026-07-17 15:52:20.135162
11456,Lautaro Javier Martínez,779,Argentina,6,343,63,14,0,2.122,114,-2.122,2026-07-17 15:52:20.135162
5668,Robert Lewandowski,789,Poland,4,533,91,12,2,3.126,191,-1.126,2026-07-17 15:52:20.135162
5477,Ousmane Dembélé,771,France,7,794,191,8,0,0.362,138,-0.362,2026-07-17 15:52:20.135162
37945,Alan Steven Franco Palma,3565,Ecuador,2,51,11,0,0,0.0,5,0.0,2026-07-17 15:52:20.135162
34396,Michael Steveen Estrada Martínez,3565,Ecuador,3,282,43,3,0,0.246,97,-0.246,2026-07-17 15:52:20.135162
88123,Cheikh Ahmadou Bamba Mbacke Dieng,787,Senegal,4,148,19,4,1,0.384,51,0.616,2026-07-17 15:52:20.135162
4506,Nampalys Mendy,787,Senegal,4,500,162,2,0,0.093,50,-0.093,2026-07-17 15:52:20.135162
3509,Thibaut Courtois,782,Belgium,3,314,122,0,0,0.0,21,0.0,2026-07-17 15:52:20.135162
3176,Thomas Meunier,782,Belgium,3,445,142,3,0,0.119,73,-0.119,2026-07-17 15:52:20.135162
32478,Darwin Gabriel Núñez Ribeiro,783,Uruguay,3,296,54,3,0,0.217,102,-0.217,2026-07-17 15:52:20.135162
6806,Shaquell Moore,1839,United States,2,73,21,0,0,0.0,8,0.0,2026-07-17 15:52:20.135162
4318,Davy Klaassen,941,Netherlands,4,266,81,2,1,0.432,67,0.568,2026-07-17 15:52:20.135162
8118,Frenkie de Jong,941,Netherlands,5,1140,364,2,1,0.721,246,0.279,2026-07-17 15:52:20.135162
7345,Mattéo Guendouzi Olié,771,France,1,102,32,0,0,0.0,15,0.0,2026-07-17 15:52:20.135162
8546,Niclas Füllkrug,770,Germany,3,97,25,8,2,1.689,21,0.311,2026-07-17 15:52:20.135162
91090,Djorkaeff Neicer Reasco González,3565,Ecuador,1,27,3,0,0,0.0,8,0.0,2026-07-17 15:52:20.135162
5568,Raúl Alonso Jiménez Rodríguez,794,Mexico,3,100,32,0,0,0.0,26,0.0,2026-07-17 15:52:20.135162
16252,Mark Anthony Kaye,1833,Canada,1,189,57,1,0,0.039,22,-0.039,2026-07-17 15:52:20.135162
59493,Abderrazak Hamdallah,788,Morocco,4,105,16,2,0,0.543,31,-0.543,2026-07-17 15:52:20.135162
13035,Kellyn Kai Perry-Acosta,1839,United States,2,54,12,0,0,0.0,5,0.0,2026-07-17 15:52:20.135162
227697,Garang Kuol,792,Australia,2,46,4,1,0,0.234,9,-0.234,2026-07-17 15:52:20.135162
33813,Jerome Ngom Mbekeli,2722,Cameroon,1,15,2,0,0,0.0,3,0.0,2026-07-17 15:52:20.135162
7693,Bruno Petković,785,Croatia,6,388,80,1,1,0.1,148,0.9,2026-07-17 15:52:20.135162
15872,Érick Gabriel Gutiérrez Galaviz,794,Mexico,1,105,30,0,0,0.0,15,0.0,2026-07-17 15:52:20.135162
5839,Yeltsin Ignacio Tejeda Valverde,795,Costa Rica,3,338,98,2,1,0.522,69,0.478,2026-07-17 15:52:20.135162
3347,André Ayew Pelé,4885,Ghana,3,229,37,2,1,1.269,76,-0.269,2026-07-17 15:52:20.135162
28616,Daniel-Kofi Kyereh,4885,Ghana,3,100,24,0,0,0.0,26,0.0,2026-07-17 15:52:20.135162
124901,Mohammed Muntari,3566,Qatar,3,97,19,3,1,0.185,30,0.815,2026-07-17 15:52:20.135162
132772,Daniel Alonso Chacón Salas,795,Costa Rica,1,3,1,0,0,0.0,2,0.0,2026-07-17 15:52:20.135162
124504,Tarek Salman Salman,3566,Qatar,1,31,11,0,0,0.0,4,0.0,2026-07-17 15:52:20.135162
50498,Pape Matar Sarr,787,Senegal,2,137,47,4,0,0.086,21,-0.086,2026-07-17 15:52:20.135162
25101,Weverton Pereira da Silva,781,Brazil,1,8,5,0,0,0.0,0,0.0,2026-07-17 15:52:20.135162
41655,Ardon Jashari,773,Switzerland,1,18,6,0,0,0.0,3,0.0,2026-07-17 15:52:20.135162
5743,Paulo Bruno Exequiel Dybala,779,Argentina,2,61,13,0,0,0.0,20,0.0,2026-07-17 15:52:20.135162
156734,Bilal El Khannous,788,Morocco,1,93,24,0,0,0.0,13,0.0,2026-07-17 15:52:20.135162
49337,Josip Stanišić,785,Croatia,1,139,49,1,0,0.041,24,-0.041,2026-07-17 15:52:20.135162
3570,Pierre-Emile Højbjerg,776,Denmark,3,696,224,2,0,0.024,98,-0.024,2026-07-17 15:52:20.135162
16190,Rasmus Nissen Kristensen,776,Denmark,3,528,178,0,0,0.0,60,0.0,2026-07-17 15:52:20.135162
5211,Jordi Alba Ramos,772,Spain,4,1061,371,2,0,0.046,83,-0.046,2026-07-17 15:52:20.135162
3831,Dušan Tadić,786,Serbia,3,498,125,1,0,0.062,103,-0.062,2026-07-17 15:52:20.135162
6687,Saša Lukić,786,Serbia,3,538,162,1,0,0.04,72,-0.04,2026-07-17 15:52:20.135162
5490,Jackson Irvine,792,Australia,4,472,129,3,0,0.332,93,-0.332,2026-07-17 15:52:20.135162
33495,Kye Rowles,792,Australia,4,554,195,0,0,0.0,50,0.0,2026-07-17 15:52:20.135162
3281,Aaron Mooy,792,Australia,4,676,219,1,0,0.039,111,-0.039,2026-07-17 15:52:20.135162
22600,Lucas Tolentino Coelho de Lima,781,Brazil,4,677,202,4,1,0.704,119,0.296,2026-07-17 15:52:20.135162
9904,Frederico Rodrigues Santos,781,Brazil,4,297,80,3,0,0.467,43,-0.467,2026-07-17 15:52:20.135162
29377,Brennan Johnson,907,Wales,3,115,18,3,0,0.124,36,-0.124,2026-07-17 15:52:20.135162
16028,José Diogo Dalot Teixeira,780,Portugal,3,427,142,1,0,0.036,73,-0.036,2026-07-17 15:52:20.135162
9927,Rúben Diogo Da Silva Neves,780,Portugal,5,795,259,2,0,0.087,75,-0.087,2026-07-17 15:52:20.135162
5570,Manuel Neuer,770,Germany,3,337,123,0,0,0.0,23,0.0,2026-07-17 15:52:20.135162
6324,Leon Goretzka,770,Germany,3,209,59,4,0,0.461,38,-0.461,2026-07-17 15:52:20.135162
27886,Alexis Mac Allister,779,Argentina,6,1040,271,7,1,0.502,235,0.498,2026-07-17 15:52:20.135162
20572,Cristian Gabriel Romero,779,Argentina,7,1120,372,0,0,0.0,120,0.0,2026-07-17 15:52:20.135162
7797,Rodrigo Javier De Paul,779,Argentina,7,1832,563,7,0,0.57,242,-0.57,2026-07-17 15:52:20.135162
5575,Héctor Miguel Herrera López,794,Mexico,2,251,75,0,0,0.0,36,0.0,2026-07-17 15:52:20.135162
50502,Nicola Zalewski,789,Poland,2,104,18,0,0,0.0,23,0.0,2026-07-17 15:52:20.135162
32915,Ismail Jakobs,787,Senegal,4,420,157,1,0,0.014,63,-0.014,2026-07-17 15:52:20.135162
5642,Axel Witsel,782,Belgium,3,554,176,1,0,0.025,74,-0.025,2026-07-17 15:52:20.135162
3457,Michy Batshuayi Tunga,782,Belgium,2,177,23,6,1,0.621,53,0.379,2026-07-17 15:52:20.135162
16275,Ikoma Loïs Openda,782,Belgium,1,34,5,0,0,0.0,11,0.0,2026-07-17 15:52:20.135162
3913,Edimilson Fernandes,773,Switzerland,3,261,81,1,0,0.029,50,-0.029,2026-07-17 15:52:20.135162
12524,Walker Zimmerman,1839,United States,4,690,233,1,0,0.057,57,-0.057,2026-07-17 15:52:20.135162
34339,Giovanni Reyna,1839,United States,2,129,35,2,0,0.086,23,-0.086,2026-07-17 15:52:20.135162
16016,Michel Aebischer,773,Switzerland,1,19,4,0,0,0.0,1,0.0,2026-07-17 15:52:20.135162
6297,Maximiliano Gómez González,783,Uruguay,2,33,7,2,0,0.078,5,-0.078,2026-07-17 15:52:20.135162
38803,Gonçalo Matias Ramos,780,Portugal,4,205,30,7,3,1.671,51,1.329,2026-07-17 15:52:20.135162
5219,Romain Saïss,788,Morocco,6,580,193,1,1,0.565,70,0.435,2026-07-17 15:52:20.135162
16015,Nicolas Moumi Ngamaleu,2722,Cameroon,2,141,24,0,0,0.0,38,0.0,2026-07-17 15:52:20.135162
7459,Jawad El Yamiq,788,Morocco,6,486,160,1,0,0.064,63,-0.064,2026-07-17 15:52:20.135162
124492,Karim Boudiaf,3566,Qatar,3,357,107,0,0,0.0,69,0.0,2026-07-17 15:52:20.135162
15477,Ronald Alberto Matarrita Ulate,795,Costa Rica,2,87,29,0,0,0.0,10,0.0,2026-07-17 15:52:20.135162
149463,Ali Assadalla Thaimn Qambar,3566,Qatar,1,71,23,0,0,0.0,12,0.0,2026-07-17 15:52:20.135162
8247,Joachim Andersen,776,Denmark,3,734,245,4,0,0.145,67,-0.145,2026-07-17 15:52:20.135162
30681,Ali Abdi,777,Tunisia,3,360,109,0,0,0.0,80,0.0,2026-07-17 15:52:20.135162
5655,Dylan Daniel Mahmoud Bronn,777,Tunisia,2,281,95,1,0,0.059,30,-0.059,2026-07-17 15:52:20.135162
16554,Joakim Mæhle,776,Denmark,3,503,145,2,0,0.042,100,-0.042,2026-07-17 15:52:20.135162
32450,Montassar Omar Talbi,777,Tunisia,3,426,133,1,0,0.012,70,-0.012,2026-07-17 15:52:20.135162
44955,Aïssa Bilal Laïdouni,777,Tunisia,3,449,119,2,0,0.081,94,-0.081,2026-07-17 15:52:20.135162
5732,Andreas Evald Cornelius,776,Denmark,3,167,32,5,0,0.802,64,-0.802,2026-07-17 15:52:20.135162
29595,Ko Itakura,778,Japan,3,374,111,3,0,0.162,58,-0.162,2026-07-17 15:52:20.135162
8361,Ritsu Doan,778,Japan,4,313,57,4,2,0.577,102,1.423,2026-07-17 15:52:20.135162
30756,Anssumane Fati,772,Spain,2,106,28,0,0,0.0,21,0.0,2026-07-17 15:52:20.135162
8949,Takuma Asano,778,Japan,4,210,29,8,1,0.496,51,0.504,2026-07-17 15:52:20.135162
5591,Filip Kostić,786,Serbia,2,355,112,1,0,0.012,47,-0.012,2026-07-17 15:52:20.135162
29976,Gabriel Teodoro Martinelli Silva,781,Brazil,3,222,46,4,0,0.406,50,-0.406,2026-07-17 15:52:20.135162
8591,Samuel Yves Oum Gwet,2722,Cameroon,2,175,57,0,0,0.0,24,0.0,2026-07-17 15:52:20.135162
5714,Mohammed Khalil Al Owais,799,Saudi Arabia,3,242,98,0,0,0.0,11,0.0,2026-07-17 15:52:20.135162
26297,Carlos Alberto Rodríguez Gómez,794,Mexico,2,107,29,0,0,0.0,28,0.0,2026-07-17 15:52:20.135162
3664,Trent Alexander-Arnold,768,England,1,66,23,0,0,0.0,5,0.0,2026-07-17 15:52:20.135162
3083,Heung-Min Son,791,South Korea,4,519,122,9,0,0.454,147,-0.454,2026-07-17 15:52:20.135162
5207,Cristiano Ronaldo dos Santos Aveiro,780,Portugal,5,371,90,11,1,1.939,76,-0.939,2026-07-17 15:52:20.135162
39565,Jamal Musiala,770,Germany,3,601,117,11,0,1.153,208,-1.153,2026-07-17 15:52:20.135162
5503,Lionel Andrés Messi Cuccittini,779,Argentina,7,1553,371,32,7,6.032,446,0.968,2026-07-17 15:52:20.135162
7979,Przemysław Frankowski,789,Poland,4,312,73,1,0,0.044,63,-0.044,2026-07-17 15:52:20.135162
5485,Raphaël Varane,771,France,6,815,280,3,0,0.264,71,-0.264,2026-07-17 15:52:20.135162
20005,Toby Alderweireld,782,Belgium,3,804,267,0,0,0.0,77,0.0,2026-07-17 15:52:20.135162
3089,Kevin De Bruyne,782,Belgium,3,467,140,7,0,0.178,107,-0.178,2026-07-17 15:52:20.135162
12352,Matthew Charles Turner,1839,United States,4,334,126,0,0,0.0,30,0.0,2026-07-17 15:52:20.135162
38792,Yunus Dimoara Musah,1839,United States,4,689,182,4,0,0.197,111,-0.197,2026-07-17 15:52:20.135162
5235,Ramin Rezaeian,797,Iran,2,343,105,2,1,0.23,66,0.77,2026-07-17 15:52:20.135162
7745,Steven Berghuis,941,Netherlands,4,424,128,5,0,0.192,72,-0.192,2026-07-17 15:52:20.135162
3196,Wahbi Khazri,777,Tunisia,2,118,20,5,1,0.298,23,0.702,2026-07-17 15:52:20.135162
12803,Romario Andrés Ibarra Mina,3565,Ecuador,2,83,16,2,0,0.137,9,-0.137,2026-07-17 15:52:20.135162
3634,Abdelhamid Sabiri,788,Morocco,5,242,58,3,0,0.123,52,-0.123,2026-07-17 15:52:20.135162
12149,Nayef Aguerd,788,Morocco,4,453,154,1,0,0.251,47,-0.251,2026-07-17 15:52:20.135162
102668,Yahya Jabrane,788,Morocco,2,17,4,0,0,0.0,7,0.0,2026-07-17 15:52:20.135162
29163,Josip Juranović,785,Croatia,6,1182,406,1,0,0.041,130,-0.041,2026-07-17 15:52:20.135162
5240,Saman Ghoddos,797,Iran,1,77,21,1,0,0.391,23,-0.391,2026-07-17 15:52:20.135162
124506,Pedro Miguel Correia,3566,Qatar,3,382,115,2,0,0.037,69,-0.037,2026-07-17 15:52:20.135162
26404,Guido Rodríguez,779,Argentina,1,181,62,0,0,0.0,7,0.0,2026-07-17 15:52:20.135162
130185,Keysher Fuller Spence,795,Costa Rica,3,265,61,3,1,0.312,46,0.688,2026-07-17 15:52:20.135162
5581,Joel Nathaniel Campbell Samuels,795,Costa Rica,3,563,137,1,0,0.051,176,-0.051,2026-07-17 15:52:20.135162
23650,Jeremy Doku,782,Belgium,1,57,14,0,0,0.0,15,0.0,2026-07-17 15:52:20.135162
38837,Youssoufa Moukoko,770,Germany,1,4,2,0,0,0.0,0,0.0,2026-07-17 15:52:20.135162
3675,Fodé Ballo Touré,787,Senegal,1,27,8,0,0,0.0,4,0.0,2026-07-17 15:52:20.135162
35592,Anis Ben Slimane,777,Tunisia,2,223,49,1,0,0.101,59,-0.101,2026-07-17 15:52:20.135162
8346,Craig Goodwin,792,Australia,4,332,94,2,1,0.205,54,0.795,2026-07-17 15:52:20.135162
4320,Neymar da Silva Santos Junior,781,Brazil,3,641,156,12,2,2.129,186,-0.129,2026-07-17 15:52:20.135162
10595,Raphael Dias Belloli,781,Brazil,5,615,150,8,0,0.923,117,-0.923,2026-07-17 15:52:20.135162
3499,Jean-Eric Maxim Choupo-Moting,2722,Cameroon,3,290,69,3,1,0.524,118,0.476,2026-07-17 15:52:20.135162
16346,Ngoran Suiru Fai Collins,2722,Cameroon,3,429,152,1,0,0.009,58,-0.009,2026-07-17 15:52:20.135162
26368,César Jasib Montes Castro,794,Mexico,3,571,192,1,0,0.099,66,-0.099,2026-07-17 15:52:20.135162
3318,Marcus Rashford,768,England,5,296,67,11,3,1.383,64,1.617,2026-07-17 15:52:20.135162
11252,Daniel James,907,Wales,3,172,34,0,0,0.0,42,0.0,2026-07-17 15:52:20.135162
12169,João Maria Lobo Alves Palhinha Gonçalves,780,Portugal,3,114,30,1,0,0.021,17,-0.021,2026-07-17 15:52:20.135162
44166,Jakub Piotr Kiwior,789,Poland,4,573,201,1,0,0.124,36,-0.124,2026-07-17 15:52:20.135162
28637,Thiago Ezequiel Almada,779,Argentina,1,40,13,0,0,0.0,3,0.0,2026-07-17 15:52:20.135162
37726,Moisés Isaac Caicedo Corozo,3565,Ecuador,3,501,154,3,1,0.653,115,0.347,2026-07-17 15:52:20.135162
5633,Yannick Ferreira Carrasco,782,Belgium,2,192,46,4,0,0.202,50,-0.202,2026-07-17 15:52:20.135162
5249,Diego Roberto Godín Leal,783,Uruguay,2,282,98,1,0,0.055,25,-0.055,2026-07-17 15:52:20.135162
125823,Seyed Hossein Hosseini,797,Iran,2,129,48,0,0,0.0,10,0.0,2026-07-17 15:52:20.135162
23538,Sadegh Moharrami,797,Iran,1,102,26,0,0,0.0,22,0.0,2026-07-17 15:52:20.135162
8246,Christian Pulisic,1839,United States,4,604,139,9,1,1.138,166,-0.138,2026-07-17 15:52:20.135162
22008,Haji Wright,1839,United States,4,184,27,7,1,0.658,56,0.342,2026-07-17 15:52:20.135162
34794,Neco Williams,907,Wales,3,354,97,3,0,0.076,82,-0.076,2026-07-17 15:52:20.135162
8326,Andries Noppert,941,Netherlands,5,502,191,0,0,0.0,33,0.0,2026-07-17 15:52:20.135162
2988,Memphis Depay,941,Netherlands,5,574,127,10,1,1.182,165,-0.182,2026-07-17 15:52:20.135162
7439,Axel Disasi,771,France,2,206,75,1,0,0.061,33,-0.061,2026-07-17 15:52:20.135162
24778,Eduardo Camavinga,771,France,2,364,103,0,0,0.0,66,0.0,2026-07-17 15:52:20.135162
3543,Steve Mandanda,771,France,1,69,31,0,0,0.0,2,0.0,2026-07-17 15:52:20.135162
26318,Rogelio Gabriel Funes Mori,794,Mexico,1,10,0,1,0,0.067,2,-0.067,2026-07-17 15:52:20.135162
30500,Kevin Nahin Álvarez Campos,794,Mexico,2,87,24,0,0,0.0,17,0.0,2026-07-17 15:52:20.135162
99479,Yu-Min Cho,791,South Korea,1,1,0,0,0,0.0,0,0.0,2026-07-17 15:52:20.135162
5237,Hakim Ziyech,788,Morocco,7,1216,300,10,1,0.312,279,0.688,2026-07-17 15:52:20.135162
23774,Selim Amallah,788,Morocco,7,526,88,2,0,0.115,144,-0.115,2026-07-17 15:52:20.135162
11603,Mario Pašalić,785,Croatia,7,431,93,3,0,0.167,116,-0.167,2026-07-17 15:52:20.135162
5476,Benjamin Pavard,771,France,1,235,88,0,0,0.0,8,0.0,2026-07-17 15:52:20.135162
3658,DeAndre Yedlin,1839,United States,2,79,30,0,0,0.0,8,0.0,2026-07-17 15:52:20.135162
124900,Homam Alamin Ahmed,3566,Qatar,3,344,103,0,0,0.0,79,0.0,2026-07-17 15:52:20.135162
6383,Thomas Teye Partey,4885,Ghana,3,586,181,2,0,0.236,98,-0.236,2026-07-17 15:52:20.135162
4626,Jan Bednarek,789,Poland,1,16,6,0,0,0.0,0,0.0,2026-07-17 15:52:20.135162
5527,Thomas Delaney,776,Denmark,1,108,31,0,0,0.0,14,0.0,2026-07-17 15:52:20.135162
5203,Sergio Busquets i Burgos,772,Spain,4,809,290,2,0,0.104,109,-0.104,2026-07-17 15:52:20.135162
37208,Ao Tanaka,778,Japan,3,241,68,1,1,0.873,44,0.127,2026-07-17 15:52:20.135162
3533,Xherdan Shaqiri,773,Switzerland,3,392,104,4,1,0.495,86,0.505,2026-07-17 15:52:20.135162
5545,Breel-Donald Embolo,773,Switzerland,4,389,66,6,2,2.391,142,-0.391,2026-07-17 15:52:20.135162
4447,Martin Braithwaite Christensen,776,Denmark,2,115,19,1,0,0.238,40,-0.238,2026-07-17 15:52:20.135162
3295,Thiago Emiliano da Silva,781,Brazil,4,969,335,2,0,0.208,67,-0.208,2026-07-17 15:52:20.135162
4372,Marcos Aoás Corrêa,781,Brazil,5,1040,359,1,0,0.078,82,-0.078,2026-07-17 15:52:20.135162
7145,Darko Lazović,786,Serbia,1,34,11,1,0,0.018,5,-0.018,2026-07-17 15:52:20.135162
5715,Ali Albulayhi,799,Saudi Arabia,3,266,89,0,0,0.0,35,0.0,2026-07-17 15:52:20.135162
57620,Sultan Abdullah Salim Al Ghannam,799,Saudi Arabia,3,180,55,2,0,0.245,29,-0.245,2026-07-17 15:52:20.135162
51470,Riyadh Sharahili,799,Saudi Arabia,1,86,19,0,0,0.0,22,0.0,2026-07-17 15:52:20.135162
3336,Harry Maguire,768,England,5,1192,408,6,0,0.49,105,-0.49,2026-07-17 15:52:20.135162
3205,Kyle Walker,768,England,3,511,177,0,0,0.0,61,0.0,2026-07-17 15:52:20.135162
3308,Kieran Trippier,768,England,3,514,195,1,0,0.043,40,-0.043,2026-07-17 15:52:20.135162
18360,Rafael Alexandre Conceição Leão,780,Portugal,5,209,45,5,2,0.248,60,1.752,2026-07-17 15:52:20.135162
5673,Bartosz Bereszyński,789,Poland,4,470,150,0,0,0.0,117,0.0,2026-07-17 15:52:20.135162
3090,Nicolás Hernán Otamendi,779,Argentina,7,1676,565,1,0,0.048,128,-0.048,2026-07-17 15:52:20.135162
24085,Pervis Josué Estupiñán Tenorio,3565,Ecuador,3,584,187,2,0,0.27,104,-0.27,2026-07-17 15:52:20.135162
24024,Tajon Buchanan,1833,Canada,3,458,88,5,0,0.714,114,-0.714,2026-07-17 15:52:20.135162
12365,Alphonso Davies,1833,Canada,3,485,114,4,1,0.929,132,0.071,2026-07-17 15:52:20.135162
16559,Leandro Trossard,782,Belgium,3,227,57,0,0,0.0,63,0.0,2026-07-17 15:52:20.135162
12770,Jonathan Osorio,1833,Canada,3,239,60,1,0,0.038,34,-0.038,2026-07-17 15:52:20.135162
50436,Fabian Rieder,773,Switzerland,2,130,27,0,0,0.0,24,0.0,2026-07-17 15:52:20.135162
5543,Haris Seferović,773,Switzerland,3,66,14,1,0,0.27,18,-0.27,2026-07-17 15:52:20.135162
5258,Giorgian Daniel De Arrascaeta Benedetti,783,Uruguay,2,209,51,3,2,1.135,60,0.865,2026-07-17 15:52:20.135162
36288,Facundo Pellistri Rebollo,783,Uruguay,3,245,45,1,0,0.099,60,-0.099,2026-07-17 15:52:20.135162
5222,Roozbeh Cheshmi,797,Iran,2,43,14,1,1,0.033,12,0.967,2026-07-17 15:52:20.135162
23874,Ali Gholizadeh,797,Iran,3,277,73,1,0,0.043,48,-0.043,2026-07-17 15:52:20.135162
8526,Weston McKennie,1839,United States,4,530,146,5,0,0.376,88,-0.376,2026-07-17 15:52:20.135162
4614,Antonee Robinson,1839,United States,4,762,240,0,0,0.0,105,0.0,2026-07-17 15:52:20.135162
51103,Abdullah Mohammed Madu,799,Saudi Arabia,1,41,11,0,0,0.0,10,0.0,2026-07-17 15:52:20.135162
15731,Predrag Rajković,786,Serbia,1,1,0,0,0,0.0,0,0.0,2026-07-17 15:52:20.135162
6301,Youssef En-Nesyri,788,Morocco,7,493,76,11,2,1.046,116,0.954,2026-07-17 15:52:20.135162
3625,Sofiane Boufal,788,Morocco,7,723,134,7,0,0.316,194,-0.316,2026-07-17 15:52:20.135162
9036,David Wallace Wotherspoon,1833,Canada,1,25,6,0,0,0.0,7,0.0,2026-07-17 15:52:20.135162
33018,Joško Gvardiol,785,Croatia,7,1592,510,2,1,0.186,155,0.814,2026-07-17 15:52:20.135162
5463,Luka Modrić,785,Croatia,7,1776,549,6,0,0.344,296,-0.344,2026-07-17 15:52:20.135162
5460,Andrej Kramarić,785,Croatia,7,686,173,10,2,1.087,146,0.913,2026-07-17 15:52:20.135162
5484,Lucas Hernández Pi,771,France,1,30,10,0,0,0.0,0,0.0,2026-07-17 15:52:20.135162
25305,Pedro Guilherme Abreu dos Santos,781,Brazil,2,91,15,4,0,0.432,29,-0.432,2026-07-17 15:52:20.135162
124514,Abdulaziz Hatem Mohammed Abdullah,3566,Qatar,3,306,91,1,0,0.024,60,-0.024,2026-07-17 15:52:20.135162
132728,Jewison Bennette,795,Costa Rica,3,148,15,1,0,0.038,34,-0.038,2026-07-17 15:52:20.135162
5582,Celso Borges Mora,795,Costa Rica,3,363,113,0,0,0.0,83,0.0,2026-07-17 15:52:20.135162
35658,Kamaldeen Sulemana,4885,Ghana,2,103,20,1,0,0.081,38,-0.081,2026-07-17 15:52:20.135162
8776,Takumi Minamino,778,Japan,3,99,24,2,0,0.05,17,-0.05,2026-07-17 15:52:20.135162
11184,Otávio Edmilson da Silva Monteiro,780,Portugal,3,457,131,3,0,0.104,95,-0.104,2026-07-17 15:52:20.135162
5667,Kamil Grosicki,789,Poland,1,21,6,0,0,0.0,5,0.0,2026-07-17 15:52:20.135162
20033,Luuk de Jong,941,Netherlands,1,67,11,1,0,0.053,20,-0.053,2026-07-17 15:52:20.135162
